{
  "zyn-apple-mint": {
    "precision": 0.7878787878787878,
    "recall": 1.0,
    "f1-score": 0.8813559322033898,
    "support": 26.0
  },
  "zyn-spearmint": {
    "precision": 1.0,
    "recall": 0.8846153846153846,
    "f1-score": 0.9387755102040817,
    "support": 26.0
  },
  "terea-yellow": {
    "precision": 0.8695652173913043,
    "recall": 0.7692307692307693,
    "f1-score": 0.8163265306122449,
    "support": 26.0
  },
  "terea-sienna": {
    "precision": 0.8518518518518519,
    "recall": 0.8846153846153846,
    "f1-score": 0.8679245283018868,
    "support": 26.0
  },
  "iqos-iluma-prime": {
    "precision": 0.875,
    "recall": 0.8076923076923077,
    "f1-score": 0.84,
    "support": 26.0
  },
  "accuracy": 0.8692307692307693,
  "macro avg": {
    "precision": 0.8768591714243887,
    "recall": 0.8692307692307691,
    "f1-score": 0.8688765002643206,
    "support": 130.0
  },
  "weighted avg": {
    "precision": 0.876859171424389,
    "recall": 0.8692307692307693,
    "f1-score": 0.8688765002643206,
    "support": 130.0
  }
}